video;t0;t1;t2;t3;t5
split_5_testvideo_38;0.115757;0.222295;0.969416;0.702807;0.544884
split_4_testvideo_26;0.773897;0.999414;0.416756;0.434218;0.960392
split_3_testvideo_30;0.041524;0.999996;0.244503;0.999993;0.005002
split_2_testvideo_39;0.006312;0.984211;0.000359;0.887917;0.000050